architecture,dataset,method_id,seed,test_accuracy_percent,selected_profile,threshold,run_group,source_revision,runner_sha256,checkpoint_sha256,split_sha256,validation_only_selection
mlp,mnist,bp,424,98.61,sgd_step30,,mlp_optimizer_investigation_20260913,aa3b67c1725848c847cda717a1cf5a81d7e42890,79334b1cd1738ca218b77e634050db2d84594c042bad64c1b91de92df9f264e8,79e6db3d0424a2891a5f354ddafd8c14c1c55aa59c95316599313d77b795d5df,585a8c01640ac32593cbed8a5fc647f67a02ee3e03862b109288fc535ad9489c,true
mlp,mnist,bp,425,98.5,sgd_step30,,mlp_optimizer_investigation_20260913,aa3b67c1725848c847cda717a1cf5a81d7e42890,79334b1cd1738ca218b77e634050db2d84594c042bad64c1b91de92df9f264e8,2cdf0bb2b6c39bf9ab36a292ceb0f36e0d27e88845bf021eb6b82fb7992afe12,3fc74b413250899e60e0f92ccea90d7fedb9d0b2d2913cf76f5c87f043d1ee8e,true
mlp,mnist,bp,426,98.43,sgd_step30,,mlp_optimizer_investigation_20260913,aa3b67c1725848c847cda717a1cf5a81d7e42890,79334b1cd1738ca218b77e634050db2d84594c042bad64c1b91de92df9f264e8,6ecb1c89972f5fd268b6f94c2d925e9497e8bfaafff238947e25dffd05fcc042,827ad136a734f6b7be917e965cfd6ec85490998df31aa9f585e63a6ab56eb920,true
mlp,fashionmnist,bp,424,90.25,sgd_step30,,mlp_optimizer_investigation_20260913,aa3b67c1725848c847cda717a1cf5a81d7e42890,79334b1cd1738ca218b77e634050db2d84594c042bad64c1b91de92df9f264e8,0916a53dd4df5b114ad98045331196f37a08e95f27b0bbbd1bff914578b4e3ff,1fe51953182a65f589a695645c4e92185f66468219aa17bc88ece134b7a012b9,true
mlp,fashionmnist,bp,425,90.0,sgd_step30,,mlp_optimizer_investigation_20260913,aa3b67c1725848c847cda717a1cf5a81d7e42890,79334b1cd1738ca218b77e634050db2d84594c042bad64c1b91de92df9f264e8,789fc5bb49712a1acc875b93bc3137c6854fac80191fe44de04cb2ecb0a93805,b8da5e38145885367a1388bf16ab0e1e7715f4d6a77037eedea20b1345a72158,true
mlp,fashionmnist,bp,426,90.28,sgd_step30,,mlp_optimizer_investigation_20260913,aa3b67c1725848c847cda717a1cf5a81d7e42890,79334b1cd1738ca218b77e634050db2d84594c042bad64c1b91de92df9f264e8,e425322880d9eb72e15796013d25f74be2d15e2df8f19f5a2f7d0f967f9032fd,01c263c40d8d5d51181188dbe0e59d29a0783f7492f60bcc96c4b9be9d2c9bb1,true
mlp,cifar10,bp,424,53.76,adam_cosine,,mlp_optimizer_investigation_20260913,aa3b67c1725848c847cda717a1cf5a81d7e42890,79334b1cd1738ca218b77e634050db2d84594c042bad64c1b91de92df9f264e8,6f304fdcc8794c24111767ab74a0d24baf4adb42217fdae7fa208b241e2143d7,19c574b7bafa548fdd0ded371733e2312a9e8a8383f7fdb5f8b69d12d2d42a1e,true
mlp,cifar10,bp,425,53.5,adam_cosine,,mlp_optimizer_investigation_20260913,aa3b67c1725848c847cda717a1cf5a81d7e42890,79334b1cd1738ca218b77e634050db2d84594c042bad64c1b91de92df9f264e8,a8193ac5824ce12c0517c3a35f998fd07624201376b8d299ab73c05ff10dedbe,4035bfa3b2e9498c78f852012628b043d31d0223ebbd27323bf5e1ba55df3405,true
mlp,cifar10,bp,426,54.2,adam_cosine,,mlp_optimizer_investigation_20260913,aa3b67c1725848c847cda717a1cf5a81d7e42890,79334b1cd1738ca218b77e634050db2d84594c042bad64c1b91de92df9f264e8,230b3972a19d2e940bba445c5477e6479e8bbb11dcc2634821cc97739cc8e181,1bceefc5ac299e2ad88abc9de3d7d93955514bb124fece43f8db04f2391f8f4d,true
mlp,cifar100,bp,424,22.16,adam_constant,,mlp_optimizer_investigation_20260913,aa3b67c1725848c847cda717a1cf5a81d7e42890,79334b1cd1738ca218b77e634050db2d84594c042bad64c1b91de92df9f264e8,fe93721ff47a6a52b655741d4e30a3ce5e4bb7c59207512fa918d2828a9d2ac4,3e5199a9e3feb6c27796de6f78e5f5c7c3a4d24647f9fbd46a7f0d944009aa53,true
mlp,cifar100,bp,425,22.49,adam_constant,,mlp_optimizer_investigation_20260913,aa3b67c1725848c847cda717a1cf5a81d7e42890,79334b1cd1738ca218b77e634050db2d84594c042bad64c1b91de92df9f264e8,c6ec648e1f3bc8feea937ed15e7437405fea20ae7c36808208178e23b4c6ce9a,d849a79e0b1f02c8baf4a64b14aa93724fabe4b01af199591457e9e5477f3b32,true
mlp,cifar100,bp,426,22.16,adam_constant,,mlp_optimizer_investigation_20260913,aa3b67c1725848c847cda717a1cf5a81d7e42890,79334b1cd1738ca218b77e634050db2d84594c042bad64c1b91de92df9f264e8,ffe20d274d156502197ceed45d29dc8ae3db7619aa2f7e37349697b436c488e8,d0d46164cf335bdad4f12166e2b4d470ccfd35b5eef2e75001d3509ec7fa6a90,true
mlp,mnist,local-bp,424,98.47,adam_cosine,,mlp_optimizer_investigation_20260913,aa3b67c1725848c847cda717a1cf5a81d7e42890,79334b1cd1738ca218b77e634050db2d84594c042bad64c1b91de92df9f264e8,144d92302b22ddfb835ad596595a84fba032b05719c0aa0d88839b9265f0682b,585a8c01640ac32593cbed8a5fc647f67a02ee3e03862b109288fc535ad9489c,true
mlp,mnist,local-bp,425,98.47,adam_cosine,,mlp_optimizer_investigation_20260913,aa3b67c1725848c847cda717a1cf5a81d7e42890,79334b1cd1738ca218b77e634050db2d84594c042bad64c1b91de92df9f264e8,2aeb1d620db3b229d7e1339a7cb804f49c550b9fca151076e781b1066f742101,3fc74b413250899e60e0f92ccea90d7fedb9d0b2d2913cf76f5c87f043d1ee8e,true
mlp,mnist,local-bp,426,98.33,adam_cosine,,mlp_optimizer_investigation_20260913,aa3b67c1725848c847cda717a1cf5a81d7e42890,79334b1cd1738ca218b77e634050db2d84594c042bad64c1b91de92df9f264e8,6c1f4d2d460e3bce35dac3634c7c2d1a325994e286b5e69291be6e5b7f038dd9,827ad136a734f6b7be917e965cfd6ec85490998df31aa9f585e63a6ab56eb920,true
mlp,fashionmnist,local-bp,424,89.74,adam_cosine,,mlp_optimizer_investigation_20260913,aa3b67c1725848c847cda717a1cf5a81d7e42890,79334b1cd1738ca218b77e634050db2d84594c042bad64c1b91de92df9f264e8,80f5925cc7c9db2b6150229424b13ce7619641579aeaa31d8f5c29762cbfd64a,1fe51953182a65f589a695645c4e92185f66468219aa17bc88ece134b7a012b9,true
mlp,fashionmnist,local-bp,425,89.65,adam_cosine,,mlp_optimizer_investigation_20260913,aa3b67c1725848c847cda717a1cf5a81d7e42890,79334b1cd1738ca218b77e634050db2d84594c042bad64c1b91de92df9f264e8,1af7645a1027b61050e339f424517b8aaa3074194c460cff17f6fcb4e3e42611,b8da5e38145885367a1388bf16ab0e1e7715f4d6a77037eedea20b1345a72158,true
mlp,fashionmnist,local-bp,426,89.18,adam_cosine,,mlp_optimizer_investigation_20260913,aa3b67c1725848c847cda717a1cf5a81d7e42890,79334b1cd1738ca218b77e634050db2d84594c042bad64c1b91de92df9f264e8,ae7506e3282694ce26fe0c4224b6d1036a7e1ec75df69823dae74fb528dc737f,01c263c40d8d5d51181188dbe0e59d29a0783f7492f60bcc96c4b9be9d2c9bb1,true
mlp,cifar10,local-bp,424,54.63,adam_cosine,,mlp_optimizer_investigation_20260913,aa3b67c1725848c847cda717a1cf5a81d7e42890,79334b1cd1738ca218b77e634050db2d84594c042bad64c1b91de92df9f264e8,c8c2807f6b9462d86bbed1304e834664bbe70db32e01dc5fdaf8f0400e3e4ead,19c574b7bafa548fdd0ded371733e2312a9e8a8383f7fdb5f8b69d12d2d42a1e,true
mlp,cifar10,local-bp,425,53.95,adam_cosine,,mlp_optimizer_investigation_20260913,aa3b67c1725848c847cda717a1cf5a81d7e42890,79334b1cd1738ca218b77e634050db2d84594c042bad64c1b91de92df9f264e8,e7ba720267b962d705215516879212936d047f63554d2991c30e4f73d71938d6,4035bfa3b2e9498c78f852012628b043d31d0223ebbd27323bf5e1ba55df3405,true
mlp,cifar10,local-bp,426,54.57,adam_cosine,,mlp_optimizer_investigation_20260913,aa3b67c1725848c847cda717a1cf5a81d7e42890,79334b1cd1738ca218b77e634050db2d84594c042bad64c1b91de92df9f264e8,898bfd2228c068e2d15adeb42dd8dac797ee56e5d0bcbdacf47a91ab0e078b2f,1bceefc5ac299e2ad88abc9de3d7d93955514bb124fece43f8db04f2391f8f4d,true
mlp,cifar100,local-bp,424,25.31,adam_constant,,mlp_optimizer_investigation_20260913,aa3b67c1725848c847cda717a1cf5a81d7e42890,79334b1cd1738ca218b77e634050db2d84594c042bad64c1b91de92df9f264e8,c8b8b30f57c7e72cd68714042a4a4c2523e2d9e5b9194d837f2354152b43f58f,3e5199a9e3feb6c27796de6f78e5f5c7c3a4d24647f9fbd46a7f0d944009aa53,true
mlp,cifar100,local-bp,425,25.75,adam_constant,,mlp_optimizer_investigation_20260913,aa3b67c1725848c847cda717a1cf5a81d7e42890,79334b1cd1738ca218b77e634050db2d84594c042bad64c1b91de92df9f264e8,9e98e95a565f3befa3c58258e7eae76ce100bda561dc95a90874e46391f48fca,d849a79e0b1f02c8baf4a64b14aa93724fabe4b01af199591457e9e5477f3b32,true
mlp,cifar100,local-bp,426,26.32,adam_constant,,mlp_optimizer_investigation_20260913,aa3b67c1725848c847cda717a1cf5a81d7e42890,79334b1cd1738ca218b77e634050db2d84594c042bad64c1b91de92df9f264e8,eadf30c6ff9ef65ec513dfcfa9139cefbd80f4bb491f10d02dc769f3a54ebb5f,d0d46164cf335bdad4f12166e2b4d470ccfd35b5eef2e75001d3509ec7fa6a90,true
mlp,mnist,ce-matched-ge,424,98.59,sgd_step30,,mlp_optimizer_investigation_20260913,aa3b67c1725848c847cda717a1cf5a81d7e42890,79334b1cd1738ca218b77e634050db2d84594c042bad64c1b91de92df9f264e8,231c4c02baa35c04bee956592dcbd10316ff9bfa2671a8eeca8576de10a5ac9e,585a8c01640ac32593cbed8a5fc647f67a02ee3e03862b109288fc535ad9489c,true
mlp,mnist,ce-matched-ge,425,98.55,sgd_step30,,mlp_optimizer_investigation_20260913,aa3b67c1725848c847cda717a1cf5a81d7e42890,79334b1cd1738ca218b77e634050db2d84594c042bad64c1b91de92df9f264e8,7882ab9e78547708ecb2d0e05eeeb09abf0715d8a7565df335bef362df9cbebf,3fc74b413250899e60e0f92ccea90d7fedb9d0b2d2913cf76f5c87f043d1ee8e,true
mlp,mnist,ce-matched-ge,426,98.47,sgd_step30,,mlp_optimizer_investigation_20260913,aa3b67c1725848c847cda717a1cf5a81d7e42890,79334b1cd1738ca218b77e634050db2d84594c042bad64c1b91de92df9f264e8,49dfd0990007b9a2a544c5f1b9fdd6decb7a7e76f1577c4fef626656d5e684ea,827ad136a734f6b7be917e965cfd6ec85490998df31aa9f585e63a6ab56eb920,true
mlp,fashionmnist,ce-matched-ge,424,90.07,sgd_step30,,mlp_optimizer_investigation_20260913,aa3b67c1725848c847cda717a1cf5a81d7e42890,79334b1cd1738ca218b77e634050db2d84594c042bad64c1b91de92df9f264e8,3c939344ac1b23bba9ce77b4c946f985e6d818d1764411a11a1bf40112405b8a,1fe51953182a65f589a695645c4e92185f66468219aa17bc88ece134b7a012b9,true
mlp,fashionmnist,ce-matched-ge,425,90.33,sgd_step30,,mlp_optimizer_investigation_20260913,aa3b67c1725848c847cda717a1cf5a81d7e42890,79334b1cd1738ca218b77e634050db2d84594c042bad64c1b91de92df9f264e8,cc71ec70aad3d6be6d3be0eafed2bf75ebac5c297188e3bc1a703ebd71914aec,b8da5e38145885367a1388bf16ab0e1e7715f4d6a77037eedea20b1345a72158,true
mlp,fashionmnist,ce-matched-ge,426,90.28,sgd_step30,,mlp_optimizer_investigation_20260913,aa3b67c1725848c847cda717a1cf5a81d7e42890,79334b1cd1738ca218b77e634050db2d84594c042bad64c1b91de92df9f264e8,f27636cccbd11d9b102e9a1165b0ed964f5cd49ec8c2e48edc3345524c76dd7d,01c263c40d8d5d51181188dbe0e59d29a0783f7492f60bcc96c4b9be9d2c9bb1,true
mlp,cifar10,ce-matched-ge,424,54.59,adam_cosine,,mlp_optimizer_investigation_20260913,aa3b67c1725848c847cda717a1cf5a81d7e42890,79334b1cd1738ca218b77e634050db2d84594c042bad64c1b91de92df9f264e8,832743ac70be9b65214c82ea44b4ae738a801a2ad17dd1a5ea2953c407c3e3a4,19c574b7bafa548fdd0ded371733e2312a9e8a8383f7fdb5f8b69d12d2d42a1e,true
mlp,cifar10,ce-matched-ge,425,53.68,adam_cosine,,mlp_optimizer_investigation_20260913,aa3b67c1725848c847cda717a1cf5a81d7e42890,79334b1cd1738ca218b77e634050db2d84594c042bad64c1b91de92df9f264e8,d8981b89962cf8b2500a544ddff81e0eb75fbf41cf9ba694ca2de603b57e3b91,4035bfa3b2e9498c78f852012628b043d31d0223ebbd27323bf5e1ba55df3405,true
mlp,cifar10,ce-matched-ge,426,55.27,adam_cosine,,mlp_optimizer_investigation_20260913,aa3b67c1725848c847cda717a1cf5a81d7e42890,79334b1cd1738ca218b77e634050db2d84594c042bad64c1b91de92df9f264e8,7fcb1e9dd651939b7e8b82f37c7e5aa404ff5a09253d8e0949917b0d2188da2f,1bceefc5ac299e2ad88abc9de3d7d93955514bb124fece43f8db04f2391f8f4d,true
mlp,cifar100,ce-matched-ge,424,27.06,adam_constant,,mlp_optimizer_investigation_20260913,aa3b67c1725848c847cda717a1cf5a81d7e42890,79334b1cd1738ca218b77e634050db2d84594c042bad64c1b91de92df9f264e8,71cf09ef87f2c91bbbfa2cad1431b166b95345a351ae24d79c8244fc8151dd5c,3e5199a9e3feb6c27796de6f78e5f5c7c3a4d24647f9fbd46a7f0d944009aa53,true
mlp,cifar100,ce-matched-ge,425,27.28,adam_constant,,mlp_optimizer_investigation_20260913,aa3b67c1725848c847cda717a1cf5a81d7e42890,79334b1cd1738ca218b77e634050db2d84594c042bad64c1b91de92df9f264e8,72fdbd3a0c522fcf98101b74672b5836ea9339c0de901812d84bd117a18ead10,d849a79e0b1f02c8baf4a64b14aa93724fabe4b01af199591457e9e5477f3b32,true
mlp,cifar100,ce-matched-ge,426,26.41,adam_constant,,mlp_optimizer_investigation_20260913,aa3b67c1725848c847cda717a1cf5a81d7e42890,79334b1cd1738ca218b77e634050db2d84594c042bad64c1b91de92df9f264e8,4135f64fd61fd1b08f272d2bc74f0e0b8cbafe5284c11eb94a0acb5255f5b7c3,d0d46164cf335bdad4f12166e2b4d470ccfd35b5eef2e75001d3509ec7fa6a90,true
mlp,mnist,ff,424,95.55,adam_constant,4.0,ff_threshold_sweep_20260914,aa3b67c1725848c847cda717a1cf5a81d7e42890,80081ea7dc53c2e472c789ca720c9762f826918351813e306f68006b8778e4fb,1a9b0c62ccd4e247c48d240f02ada7177d161fa147c02c1e64e7373581189567,585a8c01640ac32593cbed8a5fc647f67a02ee3e03862b109288fc535ad9489c,true
mlp,mnist,ff,425,95.83,adam_constant,4.0,ff_threshold_sweep_20260914,aa3b67c1725848c847cda717a1cf5a81d7e42890,80081ea7dc53c2e472c789ca720c9762f826918351813e306f68006b8778e4fb,227c52491e68e8066203f711aba98cf84ace7ac7846f9becc3abf466d815b947,3fc74b413250899e60e0f92ccea90d7fedb9d0b2d2913cf76f5c87f043d1ee8e,true
mlp,mnist,ff,426,95.73,adam_constant,4.0,ff_threshold_sweep_20260914,aa3b67c1725848c847cda717a1cf5a81d7e42890,80081ea7dc53c2e472c789ca720c9762f826918351813e306f68006b8778e4fb,871558cd652b8e1de97462236da2297a4328e3c2ba183b795aed6fd8c004e855,827ad136a734f6b7be917e965cfd6ec85490998df31aa9f585e63a6ab56eb920,true
mlp,fashionmnist,ff,424,83.11,adam_constant,4.0,ff_threshold_sweep_20260914,aa3b67c1725848c847cda717a1cf5a81d7e42890,80081ea7dc53c2e472c789ca720c9762f826918351813e306f68006b8778e4fb,a673a22b2608546742594509fa6c33e69d4380ea5f3d7b83c855da36b48a7179,1fe51953182a65f589a695645c4e92185f66468219aa17bc88ece134b7a012b9,true
mlp,fashionmnist,ff,425,83.23,adam_constant,4.0,ff_threshold_sweep_20260914,aa3b67c1725848c847cda717a1cf5a81d7e42890,80081ea7dc53c2e472c789ca720c9762f826918351813e306f68006b8778e4fb,e2cbf1f2e64c231cb4ac1ef83f90610493832bdcdf71af9da55ae0a102e2c100,b8da5e38145885367a1388bf16ab0e1e7715f4d6a77037eedea20b1345a72158,true
mlp,fashionmnist,ff,426,83.18,adam_constant,4.0,ff_threshold_sweep_20260914,aa3b67c1725848c847cda717a1cf5a81d7e42890,80081ea7dc53c2e472c789ca720c9762f826918351813e306f68006b8778e4fb,5b3bfedbae5dbb23491c7f55539cfeb3d451607c1f1bcb9c37d7198be8173138,01c263c40d8d5d51181188dbe0e59d29a0783f7492f60bcc96c4b9be9d2c9bb1,true
mlp,cifar10,ff,424,44.84,adam_constant,2.0,ff_threshold_sweep_20260914,aa3b67c1725848c847cda717a1cf5a81d7e42890,80081ea7dc53c2e472c789ca720c9762f826918351813e306f68006b8778e4fb,367be5c2577c101081bf50856179bea1121bc439f74e1ff297bfc486279eb802,19c574b7bafa548fdd0ded371733e2312a9e8a8383f7fdb5f8b69d12d2d42a1e,true
mlp,cifar10,ff,425,45.07,adam_constant,2.0,ff_threshold_sweep_20260914,aa3b67c1725848c847cda717a1cf5a81d7e42890,80081ea7dc53c2e472c789ca720c9762f826918351813e306f68006b8778e4fb,2177cefbbe1c38427771f09dbd21dbe8de830f99dcbdc9f0035af9a2bd27be03,4035bfa3b2e9498c78f852012628b043d31d0223ebbd27323bf5e1ba55df3405,true
mlp,cifar10,ff,426,45.03,adam_constant,2.0,ff_threshold_sweep_20260914,aa3b67c1725848c847cda717a1cf5a81d7e42890,80081ea7dc53c2e472c789ca720c9762f826918351813e306f68006b8778e4fb,6d86d034f7a6ce33690f2d4e50e144b79402f1017de8b83b23e788a88baf3d3b,1bceefc5ac299e2ad88abc9de3d7d93955514bb124fece43f8db04f2391f8f4d,true
mlp,fashionmnist,ff-matched-ge,424,87.39,adam_constant,1.0,ff_threshold_sweep_20260914,aa3b67c1725848c847cda717a1cf5a81d7e42890,80081ea7dc53c2e472c789ca720c9762f826918351813e306f68006b8778e4fb,2f4e6762dee32a1b2a85a3e5a82e056498a1ec943d8e2a0e1f9b436e5e016939,1fe51953182a65f589a695645c4e92185f66468219aa17bc88ece134b7a012b9,true
mlp,fashionmnist,ff-matched-ge,425,87.07,adam_constant,1.0,ff_threshold_sweep_20260914,aa3b67c1725848c847cda717a1cf5a81d7e42890,80081ea7dc53c2e472c789ca720c9762f826918351813e306f68006b8778e4fb,7ad54cf33d0bdbfc4a73874ced3d84b066cc758ccb00146d5ce82629148a04e7,b8da5e38145885367a1388bf16ab0e1e7715f4d6a77037eedea20b1345a72158,true
mlp,fashionmnist,ff-matched-ge,426,87.52,adam_constant,1.0,ff_threshold_sweep_20260914,aa3b67c1725848c847cda717a1cf5a81d7e42890,80081ea7dc53c2e472c789ca720c9762f826918351813e306f68006b8778e4fb,3f9760215f47dd28e2cc2e462958028c2084b19d4166c83580aed0bf270508d9,01c263c40d8d5d51181188dbe0e59d29a0783f7492f60bcc96c4b9be9d2c9bb1,true
mlp,cifar10,ff-matched-ge,424,52.21,adam_constant,1.0,ff_threshold_sweep_20260914,aa3b67c1725848c847cda717a1cf5a81d7e42890,80081ea7dc53c2e472c789ca720c9762f826918351813e306f68006b8778e4fb,281424ea4789e61dd3cf0fe64f8e047a9a6b5baa2f99072bde9de6ca2af0c3a7,19c574b7bafa548fdd0ded371733e2312a9e8a8383f7fdb5f8b69d12d2d42a1e,true
mlp,cifar10,ff-matched-ge,425,51.82,adam_constant,1.0,ff_threshold_sweep_20260914,aa3b67c1725848c847cda717a1cf5a81d7e42890,80081ea7dc53c2e472c789ca720c9762f826918351813e306f68006b8778e4fb,63692e8d575f5dcde0d5b274e97e6e784635caa33c98d1ab4abd1504a509aa57,4035bfa3b2e9498c78f852012628b043d31d0223ebbd27323bf5e1ba55df3405,true
mlp,cifar10,ff-matched-ge,426,52.44,adam_constant,1.0,ff_threshold_sweep_20260914,aa3b67c1725848c847cda717a1cf5a81d7e42890,80081ea7dc53c2e472c789ca720c9762f826918351813e306f68006b8778e4fb,e88fa4a25ea61428d92f27b51df263d43a99184e5e9c5ab865a7f8490a017a52,1bceefc5ac299e2ad88abc9de3d7d93955514bb124fece43f8db04f2391f8f4d,true
mlp,cifar100,ff-matched-ge,424,17.07,adam_constant,1.0,ff_threshold_sweep_20260914,aa3b67c1725848c847cda717a1cf5a81d7e42890,80081ea7dc53c2e472c789ca720c9762f826918351813e306f68006b8778e4fb,1e78df4d191af9265c90e4231e3dad0fe481f3886437314f30051bdc3eb85c5d,3e5199a9e3feb6c27796de6f78e5f5c7c3a4d24647f9fbd46a7f0d944009aa53,true
mlp,cifar100,ff-matched-ge,425,16.95,adam_constant,1.0,ff_threshold_sweep_20260914,aa3b67c1725848c847cda717a1cf5a81d7e42890,80081ea7dc53c2e472c789ca720c9762f826918351813e306f68006b8778e4fb,5441295015bcf34ed8d9f8e9dea971cdc0ec110d894b63efd76ea06a7f6ec728,d849a79e0b1f02c8baf4a64b14aa93724fabe4b01af199591457e9e5477f3b32,true
mlp,cifar100,ff-matched-ge,426,17.59,adam_constant,1.0,ff_threshold_sweep_20260914,aa3b67c1725848c847cda717a1cf5a81d7e42890,80081ea7dc53c2e472c789ca720c9762f826918351813e306f68006b8778e4fb,e8a713471af7b94460865211d7d568ffac3bdc11b28ce3f8f47d21d027f51680,d0d46164cf335bdad4f12166e2b4d470ccfd35b5eef2e75001d3509ec7fa6a90,true
mlp,mnist,nn-ff-ge,424,97.73,adam_constant,4.0,nesi_ff11_results_9299983,,f5cbd92a8d67248b0cbd26d017568c0faafa94a705588cc88ebde34dd787badf,f76b5be5c19f5724ec82dbf7852227bf10467e182377235b906db5bfa22a40d9,585a8c01640ac32593cbed8a5fc647f67a02ee3e03862b109288fc535ad9489c,true
mlp,mnist,nn-ff-ge,425,98.05,adam_constant,4.0,nesi_ff11_results_9299983,,f5cbd92a8d67248b0cbd26d017568c0faafa94a705588cc88ebde34dd787badf,3747b9c220e8ad8b4512e82ec885e2ed53ab750595f4a5d008f8bd41bc4de2b6,3fc74b413250899e60e0f92ccea90d7fedb9d0b2d2913cf76f5c87f043d1ee8e,true
mlp,mnist,nn-ff-ge,426,98.16,adam_constant,4.0,nesi_ff11_results_9299983,,f5cbd92a8d67248b0cbd26d017568c0faafa94a705588cc88ebde34dd787badf,3f0cffcb79ec178ad25043dcefbbbe65794a345c087f0146e3ee6cf3b24314e5,827ad136a734f6b7be917e965cfd6ec85490998df31aa9f585e63a6ab56eb920,true
mlp,cifar10,nn-ff-ge,424,52.54,adam_constant,4.0,nesi_ff11_results_9299983,,f5cbd92a8d67248b0cbd26d017568c0faafa94a705588cc88ebde34dd787badf,d1105344f891d1835104c812dc7db5388663d0f692716c42a07dce3dd5fdfccd,19c574b7bafa548fdd0ded371733e2312a9e8a8383f7fdb5f8b69d12d2d42a1e,true
mlp,cifar10,nn-ff-ge,425,53.3,adam_constant,4.0,nesi_ff11_results_9299983,,f5cbd92a8d67248b0cbd26d017568c0faafa94a705588cc88ebde34dd787badf,3774922d0d9f35695646da98fbcf043c5e894a97e794e6e67ca5b1f2aab4137e,4035bfa3b2e9498c78f852012628b043d31d0223ebbd27323bf5e1ba55df3405,true
mlp,cifar10,nn-ff-ge,426,52.44,adam_constant,4.0,nesi_ff11_results_9299983,,f5cbd92a8d67248b0cbd26d017568c0faafa94a705588cc88ebde34dd787badf,e2be4d552074ef700baba74065ff87dcc793bb20091f270c386ad522537d68b9,1bceefc5ac299e2ad88abc9de3d7d93955514bb124fece43f8db04f2391f8f4d,true
mlp,mnist,fc-ff,424,94.04,adam_constant,,mlp_optimizer_investigation_20260913,aa3b67c1725848c847cda717a1cf5a81d7e42890,79334b1cd1738ca218b77e634050db2d84594c042bad64c1b91de92df9f264e8,847aaa293d98a54ddd29dcbf6be7143a2c69a328307245fde1d5d1b4714ad5c6,585a8c01640ac32593cbed8a5fc647f67a02ee3e03862b109288fc535ad9489c,true
mlp,mnist,fc-ff,425,94.29,adam_constant,,mlp_optimizer_investigation_20260913,aa3b67c1725848c847cda717a1cf5a81d7e42890,79334b1cd1738ca218b77e634050db2d84594c042bad64c1b91de92df9f264e8,40ca9344d59552589f201cb813cb97ddbcdeb5902d0438adb612ebccbbe3f30f,3fc74b413250899e60e0f92ccea90d7fedb9d0b2d2913cf76f5c87f043d1ee8e,true
mlp,mnist,fc-ff,426,94.19,adam_constant,,mlp_optimizer_investigation_20260913,aa3b67c1725848c847cda717a1cf5a81d7e42890,79334b1cd1738ca218b77e634050db2d84594c042bad64c1b91de92df9f264e8,38ca35ea01163a225bab07aec05233fe2ccd3a03ebfba49bfdb454cdc52835b6,827ad136a734f6b7be917e965cfd6ec85490998df31aa9f585e63a6ab56eb920,true
mlp,fashionmnist,fc-ff,424,84.23,adam_constant,,mlp_optimizer_investigation_20260913,aa3b67c1725848c847cda717a1cf5a81d7e42890,79334b1cd1738ca218b77e634050db2d84594c042bad64c1b91de92df9f264e8,0459fa7a7ae74ac24b587f84bdee6e6976382efbc030514946898959e952154b,1fe51953182a65f589a695645c4e92185f66468219aa17bc88ece134b7a012b9,true
mlp,fashionmnist,fc-ff,425,84.19,adam_constant,,mlp_optimizer_investigation_20260913,aa3b67c1725848c847cda717a1cf5a81d7e42890,79334b1cd1738ca218b77e634050db2d84594c042bad64c1b91de92df9f264e8,16938ae30e31794d31c591ed7c56cb26b9ba67533c27472377b0d593b3eb1d39,b8da5e38145885367a1388bf16ab0e1e7715f4d6a77037eedea20b1345a72158,true
mlp,fashionmnist,fc-ff,426,84.19,adam_constant,,mlp_optimizer_investigation_20260913,aa3b67c1725848c847cda717a1cf5a81d7e42890,79334b1cd1738ca218b77e634050db2d84594c042bad64c1b91de92df9f264e8,5de08fc84ed68d1ed1fb7485fe720f23da3f112241024beb3dcc8bbe1bda7195,01c263c40d8d5d51181188dbe0e59d29a0783f7492f60bcc96c4b9be9d2c9bb1,true
mlp,cifar10,fc-ff,424,45.47,adam_constant,,mlp_optimizer_investigation_20260913,aa3b67c1725848c847cda717a1cf5a81d7e42890,79334b1cd1738ca218b77e634050db2d84594c042bad64c1b91de92df9f264e8,9ac107da2438d8ee404e7e97d95c0f2cade8d949b2d0a8206805365baed26ac2,19c574b7bafa548fdd0ded371733e2312a9e8a8383f7fdb5f8b69d12d2d42a1e,true
mlp,cifar10,fc-ff,425,45.77,adam_constant,,mlp_optimizer_investigation_20260913,aa3b67c1725848c847cda717a1cf5a81d7e42890,79334b1cd1738ca218b77e634050db2d84594c042bad64c1b91de92df9f264e8,6aa5b329ca66b2a4d943cf6a91cf804643edd1af6054b153346d8940af3fb229,4035bfa3b2e9498c78f852012628b043d31d0223ebbd27323bf5e1ba55df3405,true
mlp,cifar10,fc-ff,426,45.46,adam_constant,,mlp_optimizer_investigation_20260913,aa3b67c1725848c847cda717a1cf5a81d7e42890,79334b1cd1738ca218b77e634050db2d84594c042bad64c1b91de92df9f264e8,aceb15d587d3dc7d1f02ec8786d50272df3478e875c0b8587b533233aae32fe7,1bceefc5ac299e2ad88abc9de3d7d93955514bb124fece43f8db04f2391f8f4d,true
mlp,cifar10,fc-ff-matched-ge,424,52.36,adam_constant,,nesi_ff11_results_9299983,,f5cbd92a8d67248b0cbd26d017568c0faafa94a705588cc88ebde34dd787badf,04aa7e17b0b6cfe12c36439364e63ff729b492fbb8e0a4f0cc93d3d6b252e7ba,19c574b7bafa548fdd0ded371733e2312a9e8a8383f7fdb5f8b69d12d2d42a1e,true
mlp,cifar10,fc-ff-matched-ge,425,51.72,adam_constant,,nesi_ff11_results_9299983,,f5cbd92a8d67248b0cbd26d017568c0faafa94a705588cc88ebde34dd787badf,11ab3b2d271fc686e3719e3acd15fad9bd76362bf20a3dfaad3434571aa8c92a,4035bfa3b2e9498c78f852012628b043d31d0223ebbd27323bf5e1ba55df3405,true
mlp,cifar10,fc-ff-matched-ge,426,52.51,adam_constant,,nesi_ff11_results_9299983,,f5cbd92a8d67248b0cbd26d017568c0faafa94a705588cc88ebde34dd787badf,f779a79000396627b232f42cf2d1a74cfad7c4fc74e858a1edb3cc69d6ac3ef4,1bceefc5ac299e2ad88abc9de3d7d93955514bb124fece43f8db04f2391f8f4d,true
mlp,mnist,fc-ff-ge,424,97.62,adam_cosine,,mlp_optimizer_investigation_20260913,aa3b67c1725848c847cda717a1cf5a81d7e42890,79334b1cd1738ca218b77e634050db2d84594c042bad64c1b91de92df9f264e8,5a6fd1c157f95ca7547b67273923ed959878aaa1e09a749297f13a89c2521b52,585a8c01640ac32593cbed8a5fc647f67a02ee3e03862b109288fc535ad9489c,true
mlp,mnist,fc-ff-ge,425,97.75,adam_cosine,,mlp_optimizer_investigation_20260913,aa3b67c1725848c847cda717a1cf5a81d7e42890,79334b1cd1738ca218b77e634050db2d84594c042bad64c1b91de92df9f264e8,1ebddbc3e862ac604a630aea4df3977ec943d8ee8298cca7e481508d78008195,3fc74b413250899e60e0f92ccea90d7fedb9d0b2d2913cf76f5c87f043d1ee8e,true
mlp,mnist,fc-ff-ge,426,97.73,adam_cosine,,mlp_optimizer_investigation_20260913,aa3b67c1725848c847cda717a1cf5a81d7e42890,79334b1cd1738ca218b77e634050db2d84594c042bad64c1b91de92df9f264e8,ae4be58cd62f61e9e341b90594066b30dcbf5c95ce3900b9db674232f46244a0,827ad136a734f6b7be917e965cfd6ec85490998df31aa9f585e63a6ab56eb920,true
mlp,fashionmnist,fc-ff-ge,424,87.76,adam_cosine,,mlp_optimizer_investigation_20260913,aa3b67c1725848c847cda717a1cf5a81d7e42890,79334b1cd1738ca218b77e634050db2d84594c042bad64c1b91de92df9f264e8,c008191455d1826da41d9d1e58e7470a9f37ab064f96eae1b21e3d37ec7c0620,1fe51953182a65f589a695645c4e92185f66468219aa17bc88ece134b7a012b9,true
mlp,fashionmnist,fc-ff-ge,425,88.14,adam_cosine,,mlp_optimizer_investigation_20260913,aa3b67c1725848c847cda717a1cf5a81d7e42890,79334b1cd1738ca218b77e634050db2d84594c042bad64c1b91de92df9f264e8,09842f74c94c961a1e2398ea49bf849aa256e321b56c7dc4b6b37d36b7e7d82f,b8da5e38145885367a1388bf16ab0e1e7715f4d6a77037eedea20b1345a72158,true
mlp,fashionmnist,fc-ff-ge,426,88.11,adam_cosine,,mlp_optimizer_investigation_20260913,aa3b67c1725848c847cda717a1cf5a81d7e42890,79334b1cd1738ca218b77e634050db2d84594c042bad64c1b91de92df9f264e8,92d5d42cbe6cf8da3dd4d2250fd3abc097d669144eb20c4710bea722c42b7f3a,01c263c40d8d5d51181188dbe0e59d29a0783f7492f60bcc96c4b9be9d2c9bb1,true
mlp,cifar10,fc-ff-ge,424,53.23,adam_cosine,,mlp_optimizer_investigation_20260913,aa3b67c1725848c847cda717a1cf5a81d7e42890,79334b1cd1738ca218b77e634050db2d84594c042bad64c1b91de92df9f264e8,e5e7d1099bffc19f05cabc58a768a3a1a70ef675acdd16f02f5b5c9f0f088dc6,19c574b7bafa548fdd0ded371733e2312a9e8a8383f7fdb5f8b69d12d2d42a1e,true
mlp,cifar10,fc-ff-ge,425,53.44,adam_cosine,,mlp_optimizer_investigation_20260913,aa3b67c1725848c847cda717a1cf5a81d7e42890,79334b1cd1738ca218b77e634050db2d84594c042bad64c1b91de92df9f264e8,88d562e6d81c4d4e8cf288840d6da13c3e14f5c62a31a78fa5f8ffcc10a54904,4035bfa3b2e9498c78f852012628b043d31d0223ebbd27323bf5e1ba55df3405,true
mlp,cifar10,fc-ff-ge,426,52.12,adam_cosine,,mlp_optimizer_investigation_20260913,aa3b67c1725848c847cda717a1cf5a81d7e42890,79334b1cd1738ca218b77e634050db2d84594c042bad64c1b91de92df9f264e8,70725ced712b90916ccae406a0b6ffe2ca6c585d67b5a1239d33ff81fd7e8516,1bceefc5ac299e2ad88abc9de3d7d93955514bb124fece43f8db04f2391f8f4d,true
mlp,mnist,fc-nn-ff-ge,424,96.82,adam_cosine,,mlp_optimizer_investigation_20260913,aa3b67c1725848c847cda717a1cf5a81d7e42890,79334b1cd1738ca218b77e634050db2d84594c042bad64c1b91de92df9f264e8,b5260cfa16b410e0909e1de0bf0a182af52addf9ac118176ac13f9baaae3187e,585a8c01640ac32593cbed8a5fc647f67a02ee3e03862b109288fc535ad9489c,true
mlp,mnist,fc-nn-ff-ge,425,97.3,adam_cosine,,mlp_optimizer_investigation_20260913,aa3b67c1725848c847cda717a1cf5a81d7e42890,79334b1cd1738ca218b77e634050db2d84594c042bad64c1b91de92df9f264e8,d3bc0f1154a89fe6780f3d796406fac1b756ee901cbe2887d8c22acebcac6b47,3fc74b413250899e60e0f92ccea90d7fedb9d0b2d2913cf76f5c87f043d1ee8e,true
mlp,mnist,fc-nn-ff-ge,426,97.05,adam_cosine,,mlp_optimizer_investigation_20260913,aa3b67c1725848c847cda717a1cf5a81d7e42890,79334b1cd1738ca218b77e634050db2d84594c042bad64c1b91de92df9f264e8,d8ea00c0094772e17475cd5cdeb02a61f466e0e1283363d343e3d1a360889e81,827ad136a734f6b7be917e965cfd6ec85490998df31aa9f585e63a6ab56eb920,true
mlp,fashionmnist,fc-nn-ff-ge,424,87.27,adam_cosine,,mlp_optimizer_investigation_20260913,aa3b67c1725848c847cda717a1cf5a81d7e42890,79334b1cd1738ca218b77e634050db2d84594c042bad64c1b91de92df9f264e8,b98194da462df0a25dd2a1046c418d7b1b6aafe349f7bbdd07f298f5b002b55f,1fe51953182a65f589a695645c4e92185f66468219aa17bc88ece134b7a012b9,true
mlp,fashionmnist,fc-nn-ff-ge,425,86.81,adam_cosine,,mlp_optimizer_investigation_20260913,aa3b67c1725848c847cda717a1cf5a81d7e42890,79334b1cd1738ca218b77e634050db2d84594c042bad64c1b91de92df9f264e8,b1844872ce11642107476098a7079a76d0b77ec437fa3c9a3c2df362873e80bf,b8da5e38145885367a1388bf16ab0e1e7715f4d6a77037eedea20b1345a72158,true
mlp,fashionmnist,fc-nn-ff-ge,426,86.75,adam_cosine,,mlp_optimizer_investigation_20260913,aa3b67c1725848c847cda717a1cf5a81d7e42890,79334b1cd1738ca218b77e634050db2d84594c042bad64c1b91de92df9f264e8,e0b640906e14431edce886648bc353f88b6e1e2271f01dc720efbab7801eb4b1,01c263c40d8d5d51181188dbe0e59d29a0783f7492f60bcc96c4b9be9d2c9bb1,true
mlp,cifar10,fc-nn-ff-ge,424,45.99,adam_constant,,mlp_optimizer_investigation_20260913,aa3b67c1725848c847cda717a1cf5a81d7e42890,79334b1cd1738ca218b77e634050db2d84594c042bad64c1b91de92df9f264e8,4d6c7c74194862e908d4f5ead152a73e8e7bbcd0ea5be9f419a6db852c8de538,19c574b7bafa548fdd0ded371733e2312a9e8a8383f7fdb5f8b69d12d2d42a1e,true
mlp,cifar10,fc-nn-ff-ge,425,45.62,adam_constant,,mlp_optimizer_investigation_20260913,aa3b67c1725848c847cda717a1cf5a81d7e42890,79334b1cd1738ca218b77e634050db2d84594c042bad64c1b91de92df9f264e8,702c05910732230400de85e72f544203503b44aed8664d170df126a3165d8f42,4035bfa3b2e9498c78f852012628b043d31d0223ebbd27323bf5e1ba55df3405,true
mlp,cifar10,fc-nn-ff-ge,426,46.6,adam_constant,,mlp_optimizer_investigation_20260913,aa3b67c1725848c847cda717a1cf5a81d7e42890,79334b1cd1738ca218b77e634050db2d84594c042bad64c1b91de92df9f264e8,156401d4d5fb00b10a3b4521cf59e28b9b87c3516adf56b3770edb09dcc318ef,1bceefc5ac299e2ad88abc9de3d7d93955514bb124fece43f8db04f2391f8f4d,true
cnn,mnist,local-bp,424,99.27,sgd_step30,,cnn_optimizer_profiles_20261001T090413Z,,1d669d7c529c67040bbd3f12f1a04b33c632f58fcc4948e53e0709d2d3b035b4,b7c55f950762981c394e637067f3349aa99c1b89e69de66ea1b60c797bbed900,f5aca1c63af85c94a1966fa3e599c842f6420f8481258fd23b19bdb4e83361c2,true
cnn,mnist,local-bp,425,99.25,sgd_step30,,cnn_optimizer_profiles_20261001T090413Z,,1d669d7c529c67040bbd3f12f1a04b33c632f58fcc4948e53e0709d2d3b035b4,df182829ae3c15c80ed0f203e75fc43bdbd385a4911cde029f0c6dca23bca203,d3ab01d9db8140563a20255d32e3f6e8f17b17ea6e1c66e14e56c88c5430c87d,true
cnn,mnist,local-bp,426,99.24,sgd_step30,,cnn_optimizer_profiles_20261001T090413Z,,1d669d7c529c67040bbd3f12f1a04b33c632f58fcc4948e53e0709d2d3b035b4,decb0ee6dcf6626faf930973bc0137f42202661e4a664cb1bb73d9a9e4af3662,c265f1b3871ee10302efec09f302da3c182cfb40e3e9d306d981b0c0080bbb72,true
cnn,fashionmnist,local-bp,424,92.51,sgd_step30,,cnn_optimizer_profiles_20261001T090413Z,,1d669d7c529c67040bbd3f12f1a04b33c632f58fcc4948e53e0709d2d3b035b4,a097a3b2d9102339baca9a0cd8d3805f5d5f18c8bee654d8ec55c5f68ce93f83,701531f41fd80424a35b5cc2b912b1fd5c2a861e42309ecb983d0065656ce797,true
cnn,fashionmnist,local-bp,425,92.57,sgd_step30,,cnn_optimizer_profiles_20261001T090413Z,,1d669d7c529c67040bbd3f12f1a04b33c632f58fcc4948e53e0709d2d3b035b4,83645b8840b59d4206af0200bd3a985f8b1b0c85f9cf1b2bfd58a7a94a7302d2,048ba23e2c3f350c6bb2ddc3d3d2556c7eb89e3813d4cb9874391821c4797e10,true
cnn,fashionmnist,local-bp,426,91.34,sgd_step30,,cnn_optimizer_profiles_20261001T090413Z,,1d669d7c529c67040bbd3f12f1a04b33c632f58fcc4948e53e0709d2d3b035b4,825f64469504ea921be97f5a9975680ba8805a8122930278052d191c2ee1d0f6,36d1eee3496ece0d012f64ce97dc88be27a9e076170eaf8c3939c8f7b78003cc,true
cnn,cifar10,local-bp,424,80.54,sgd_step30,,cnn_optimizer_profiles_20261001T090413Z,,1d669d7c529c67040bbd3f12f1a04b33c632f58fcc4948e53e0709d2d3b035b4,4f0092c8480f4e7ef952a37b503f3fe9804af0c0436d929eeb6b1d50ccbaa261,c2c9200d727bf3c73fdcf0d4f21ee3167d8ec95221d44204da6f0fff1d42ad34,true
cnn,cifar10,local-bp,425,80.21000000000001,sgd_step30,,cnn_optimizer_profiles_20261001T090413Z,,1d669d7c529c67040bbd3f12f1a04b33c632f58fcc4948e53e0709d2d3b035b4,915e138c654a572db8aef288b5bc0da58bda806f0b3f14e050435aaf3fc6c50a,192ea4994b180223a03dc8f1cf1d006802e0a9fd7818508dc73f04af64281f13,true
cnn,cifar10,local-bp,426,79.85,sgd_step30,,cnn_optimizer_profiles_20261001T090413Z,,1d669d7c529c67040bbd3f12f1a04b33c632f58fcc4948e53e0709d2d3b035b4,3469abd79b99c4896decb847a367e4783bf54e94b4b168afbdd9e95362b06f59,50b40f43bb8d39bd47a22ff3411c50cff13680a698ffea2bfa99cecaf6a59b53,true
cnn,cifar100,local-bp,424,56.79,sgd_step30,,cnn_optimizer_profiles_20261001T090413Z,,1d669d7c529c67040bbd3f12f1a04b33c632f58fcc4948e53e0709d2d3b035b4,269dc9eb92cbd48bcc7464d9db7ed7368367c0177c20c3dfbcdf4c35ba472100,e77c52fa3d4168e8440e58209d83611c35b79682f83d47991b875a98fdc78474,true
cnn,cifar100,local-bp,425,56.8,sgd_step30,,cnn_optimizer_profiles_20261001T090413Z,,1d669d7c529c67040bbd3f12f1a04b33c632f58fcc4948e53e0709d2d3b035b4,7f9097017971aaab460ea089836366ff73a7137491a5d77787cf41cfadfffa31,cc10a889db7770292c761c845310279227718b435d55155ce52d00f88f1936f1,true
cnn,cifar100,local-bp,426,56.75,sgd_step30,,cnn_optimizer_profiles_20261001T090413Z,,1d669d7c529c67040bbd3f12f1a04b33c632f58fcc4948e53e0709d2d3b035b4,614566e3f622096e85221098503d5b9103a3ec8afef87c92a2456a60e9eec01e,4ab89e33f41a6ad2ebfe4847b50a59525d32ce075421448243cb3b5d4128a0f8,true
cnn,mnist,ce-matched-ge,424,99.22,sgd_step30,,cnn_optimizer_profiles_20261001T090413Z,,1d669d7c529c67040bbd3f12f1a04b33c632f58fcc4948e53e0709d2d3b035b4,a668465077a7195e19b2b529f40bd578075ba370984f00bc535bd4f28b64b764,f5aca1c63af85c94a1966fa3e599c842f6420f8481258fd23b19bdb4e83361c2,true
cnn,mnist,ce-matched-ge,425,99.24,sgd_step30,,cnn_optimizer_profiles_20261001T090413Z,,1d669d7c529c67040bbd3f12f1a04b33c632f58fcc4948e53e0709d2d3b035b4,6dfb9b6116530bebe85061acb0875fe7ebbeb9c3825586d1213734333eebc0d7,d3ab01d9db8140563a20255d32e3f6e8f17b17ea6e1c66e14e56c88c5430c87d,true
cnn,mnist,ce-matched-ge,426,99.22999999999999,sgd_step30,,cnn_optimizer_profiles_20261001T090413Z,,1d669d7c529c67040bbd3f12f1a04b33c632f58fcc4948e53e0709d2d3b035b4,ab323356d136afb83be6052a5a608040aef6e013eefde8b213d04b8acfda033c,c265f1b3871ee10302efec09f302da3c182cfb40e3e9d306d981b0c0080bbb72,true
cnn,fashionmnist,ce-matched-ge,424,93.17999999999999,sgd_step30,,cnn_optimizer_profiles_20261001T090413Z,,1d669d7c529c67040bbd3f12f1a04b33c632f58fcc4948e53e0709d2d3b035b4,bb9dd7a7b4ceb61995ecae0a4585b6c48e63bbd55bfc69762b7af4c392f2e336,701531f41fd80424a35b5cc2b912b1fd5c2a861e42309ecb983d0065656ce797,true
cnn,fashionmnist,ce-matched-ge,425,92.99,sgd_step30,,cnn_optimizer_profiles_20261001T090413Z,,1d669d7c529c67040bbd3f12f1a04b33c632f58fcc4948e53e0709d2d3b035b4,38d58325419ee1863be13f78f348478586578e06596fdf295b743372d9134d67,048ba23e2c3f350c6bb2ddc3d3d2556c7eb89e3813d4cb9874391821c4797e10,true
cnn,fashionmnist,ce-matched-ge,426,93.23,sgd_step30,,cnn_optimizer_profiles_20261001T090413Z,,1d669d7c529c67040bbd3f12f1a04b33c632f58fcc4948e53e0709d2d3b035b4,551d51d8348ffb70727334e19ab5c4c3a2a341b3497ff062f5e061762e67a087,36d1eee3496ece0d012f64ce97dc88be27a9e076170eaf8c3939c8f7b78003cc,true
cnn,cifar10,ce-matched-ge,424,83.55,sgd_step30,,cnn_optimizer_profiles_20261001T090413Z,,1d669d7c529c67040bbd3f12f1a04b33c632f58fcc4948e53e0709d2d3b035b4,10a6969e66af5a34b4b15c74625d05821a6e48c2f07c78c7f6c93df4fa664d6c,c2c9200d727bf3c73fdcf0d4f21ee3167d8ec95221d44204da6f0fff1d42ad34,true
cnn,cifar10,ce-matched-ge,425,84.09,sgd_step30,,cnn_optimizer_profiles_20261001T090413Z,,1d669d7c529c67040bbd3f12f1a04b33c632f58fcc4948e53e0709d2d3b035b4,5aa0e279ecd2605803fef178d675fdcc1b365811c59fd5c7601599de246e4232,192ea4994b180223a03dc8f1cf1d006802e0a9fd7818508dc73f04af64281f13,true
cnn,cifar10,ce-matched-ge,426,83.11,sgd_step30,,cnn_optimizer_profiles_20261001T090413Z,,1d669d7c529c67040bbd3f12f1a04b33c632f58fcc4948e53e0709d2d3b035b4,7173062559822e02f9c5beab2e73e71c0c55bb0c88d563b80a99951e7655b276,50b40f43bb8d39bd47a22ff3411c50cff13680a698ffea2bfa99cecaf6a59b53,true
cnn,cifar100,ce-matched-ge,424,59.68,sgd_step30,,cnn_optimizer_profiles_20261001T090413Z,,1d669d7c529c67040bbd3f12f1a04b33c632f58fcc4948e53e0709d2d3b035b4,2d4545aeca076c8ebb1a1dac309dceb4f0a61d3eceff35a8e76f80a6f0b50831,e77c52fa3d4168e8440e58209d83611c35b79682f83d47991b875a98fdc78474,true
cnn,cifar100,ce-matched-ge,425,59.77,sgd_step30,,cnn_optimizer_profiles_20261001T090413Z,,1d669d7c529c67040bbd3f12f1a04b33c632f58fcc4948e53e0709d2d3b035b4,b95c7b447c6b753f08bb4994413c0d86939e9c0179a7231ad6b436bd1dfc1995,cc10a889db7770292c761c845310279227718b435d55155ce52d00f88f1936f1,true
cnn,cifar100,ce-matched-ge,426,60.309999999999995,sgd_step30,,cnn_optimizer_profiles_20261001T090413Z,,1d669d7c529c67040bbd3f12f1a04b33c632f58fcc4948e53e0709d2d3b035b4,44d55e89de38cd2b43f2634079476b365716f4b6918307037266335b1e3a6beb,4ab89e33f41a6ad2ebfe4847b50a59525d32ce075421448243cb3b5d4128a0f8,true
cnn,mnist,bp,424,99.46000000000001,sgd_step30,,cnn_optimizer_profiles_20261001T090413Z,,1d669d7c529c67040bbd3f12f1a04b33c632f58fcc4948e53e0709d2d3b035b4,dc014e638aec09d1c44eec40725b2c928dfbd4cb8bb762cb914a31698f5a49d7,f5aca1c63af85c94a1966fa3e599c842f6420f8481258fd23b19bdb4e83361c2,true
cnn,mnist,bp,425,99.48,sgd_step30,,cnn_optimizer_profiles_20261001T090413Z,,1d669d7c529c67040bbd3f12f1a04b33c632f58fcc4948e53e0709d2d3b035b4,ad5b94de640cbfa9eefc07c027bfa1760946d818be1a77da77fd27992f68c08e,d3ab01d9db8140563a20255d32e3f6e8f17b17ea6e1c66e14e56c88c5430c87d,true
cnn,mnist,bp,426,99.33,sgd_step30,,cnn_optimizer_profiles_20261001T090413Z,,1d669d7c529c67040bbd3f12f1a04b33c632f58fcc4948e53e0709d2d3b035b4,33b0f6789c3b84cd6b5ec804065e40fb8d7dcfbf1680e8d7d5ef113d19f21ce0,c265f1b3871ee10302efec09f302da3c182cfb40e3e9d306d981b0c0080bbb72,true
cnn,fashionmnist,bp,424,92.95,sgd_step30,,cnn_optimizer_profiles_20261001T090413Z,,1d669d7c529c67040bbd3f12f1a04b33c632f58fcc4948e53e0709d2d3b035b4,ff2737ee0b2127038b0167e4b33b6c946043f1a915b5383f7267f45f0fb6f756,701531f41fd80424a35b5cc2b912b1fd5c2a861e42309ecb983d0065656ce797,true
cnn,fashionmnist,bp,425,93.03,sgd_step30,,cnn_optimizer_profiles_20261001T090413Z,,1d669d7c529c67040bbd3f12f1a04b33c632f58fcc4948e53e0709d2d3b035b4,6ec50ad8c4b1bacfab6ed11f819762249c6d62cc32d0863e8660fec8f673e870,048ba23e2c3f350c6bb2ddc3d3d2556c7eb89e3813d4cb9874391821c4797e10,true
cnn,fashionmnist,bp,426,91.60000000000001,sgd_step30,,cnn_optimizer_profiles_20261001T090413Z,,1d669d7c529c67040bbd3f12f1a04b33c632f58fcc4948e53e0709d2d3b035b4,11547222d6655a34de17cd16c12a393cc9c4a4fabea594e57e30dbf3da9e6dfd,36d1eee3496ece0d012f64ce97dc88be27a9e076170eaf8c3939c8f7b78003cc,true
cnn,cifar10,bp,424,84.45,adam_cosine,,cnn_optimizer_profiles_20261001T090413Z,,1d669d7c529c67040bbd3f12f1a04b33c632f58fcc4948e53e0709d2d3b035b4,cb92fa0cedbe2a8133eec5ef832234ed0f081f33a2b7bae4e0913d973d799fcd,c2c9200d727bf3c73fdcf0d4f21ee3167d8ec95221d44204da6f0fff1d42ad34,true
cnn,cifar10,bp,425,84.53,adam_cosine,,cnn_optimizer_profiles_20261001T090413Z,,1d669d7c529c67040bbd3f12f1a04b33c632f58fcc4948e53e0709d2d3b035b4,62d707705c4064959d500fdaa5e2c09e7457adcda4ec43949fd1050a6112555e,192ea4994b180223a03dc8f1cf1d006802e0a9fd7818508dc73f04af64281f13,true
cnn,cifar10,bp,426,84.55,adam_cosine,,cnn_optimizer_profiles_20261001T090413Z,,1d669d7c529c67040bbd3f12f1a04b33c632f58fcc4948e53e0709d2d3b035b4,c08eb029bbdce2719d4f0ec1078d12250774062322353e03bd2278399c04fd6a,50b40f43bb8d39bd47a22ff3411c50cff13680a698ffea2bfa99cecaf6a59b53,true
cnn,cifar100,bp,424,59.43000000000001,sgd_step30,,cnn_optimizer_profiles_20261001T090413Z,,1d669d7c529c67040bbd3f12f1a04b33c632f58fcc4948e53e0709d2d3b035b4,148637c314e7a083212de5f0700b35b8de7efd0765862ce5a4dc2e726dc4a26e,e77c52fa3d4168e8440e58209d83611c35b79682f83d47991b875a98fdc78474,true
cnn,cifar100,bp,425,58.51,sgd_step30,,cnn_optimizer_profiles_20261001T090413Z,,1d669d7c529c67040bbd3f12f1a04b33c632f58fcc4948e53e0709d2d3b035b4,66cb3b54c248a1ec21932b7d09f6944e899600f18eea2264491e585b79301e9b,cc10a889db7770292c761c845310279227718b435d55155ce52d00f88f1936f1,true
cnn,cifar100,bp,426,58.220000000000006,sgd_step30,,cnn_optimizer_profiles_20261001T090413Z,,1d669d7c529c67040bbd3f12f1a04b33c632f58fcc4948e53e0709d2d3b035b4,57f3e4b2a7ad51141fd475e8cd826a0e11fe9d857f637f08f65819cbb46bec70,4ab89e33f41a6ad2ebfe4847b50a59525d32ce075421448243cb3b5d4128a0f8,true
mlp_mixer,cifar10,local-bp,424,76.74,adamw_cosine_fixed,,verified_reduced_mixer_20260828_120900,,74da9a9bdeb49c732ea55da25563cc7ce03ff586d5cfa885bf5d48b715811085,,,true
mlp_mixer,cifar10,local-bp,425,76.55,adamw_cosine_fixed,,verified_reduced_mixer_20260828_120900,,74da9a9bdeb49c732ea55da25563cc7ce03ff586d5cfa885bf5d48b715811085,,,true
mlp_mixer,cifar10,local-bp,426,75.75,adamw_cosine_fixed,,verified_reduced_mixer_20260828_120900,,74da9a9bdeb49c732ea55da25563cc7ce03ff586d5cfa885bf5d48b715811085,,,true
mlp_mixer,cifar100,local-bp,424,42.53,adamw_cosine_fixed,,verified_reduced_mixer_20260828_120900,,74da9a9bdeb49c732ea55da25563cc7ce03ff586d5cfa885bf5d48b715811085,,,true
mlp_mixer,cifar100,local-bp,425,43.62,adamw_cosine_fixed,,verified_reduced_mixer_20260828_120900,,74da9a9bdeb49c732ea55da25563cc7ce03ff586d5cfa885bf5d48b715811085,,,true
mlp_mixer,cifar100,local-bp,426,42.19,adamw_cosine_fixed,,verified_reduced_mixer_20260828_120900,,74da9a9bdeb49c732ea55da25563cc7ce03ff586d5cfa885bf5d48b715811085,,,true
mlp_mixer,pathmnist,local-bp,424,87.56267409470752,adamw_cosine_fixed,,verified_reduced_mixer_20260828_120900,,74da9a9bdeb49c732ea55da25563cc7ce03ff586d5cfa885bf5d48b715811085,,,true
mlp_mixer,pathmnist,local-bp,425,86.62952646239555,adamw_cosine_fixed,,verified_reduced_mixer_20260828_120900,,74da9a9bdeb49c732ea55da25563cc7ce03ff586d5cfa885bf5d48b715811085,,,true
mlp_mixer,pathmnist,local-bp,426,86.10027855153203,adamw_cosine_fixed,,verified_reduced_mixer_20260828_120900,,74da9a9bdeb49c732ea55da25563cc7ce03ff586d5cfa885bf5d48b715811085,,,true
mlp_mixer,tinyimagenet,local-bp,424,29.42,adamw_cosine_fixed,,verified_reduced_mixer_20260828_120900,,74da9a9bdeb49c732ea55da25563cc7ce03ff586d5cfa885bf5d48b715811085,,,true
mlp_mixer,tinyimagenet,local-bp,425,25.3,adamw_cosine_fixed,,verified_reduced_mixer_20260828_120900,,74da9a9bdeb49c732ea55da25563cc7ce03ff586d5cfa885bf5d48b715811085,,,true
mlp_mixer,tinyimagenet,local-bp,426,26.6,adamw_cosine_fixed,,verified_reduced_mixer_20260828_120900,,74da9a9bdeb49c732ea55da25563cc7ce03ff586d5cfa885bf5d48b715811085,,,true
mlp_mixer,cifar10,bp,424,80.42,adamw_cosine_fixed,,verified_reduced_mixer_20260828_120900,,74da9a9bdeb49c732ea55da25563cc7ce03ff586d5cfa885bf5d48b715811085,,,true
mlp_mixer,cifar10,bp,425,80.0,adamw_cosine_fixed,,verified_reduced_mixer_20260828_120900,,74da9a9bdeb49c732ea55da25563cc7ce03ff586d5cfa885bf5d48b715811085,,,true
mlp_mixer,cifar10,bp,426,80.2,adamw_cosine_fixed,,verified_reduced_mixer_20260828_120900,,74da9a9bdeb49c732ea55da25563cc7ce03ff586d5cfa885bf5d48b715811085,,,true
mlp_mixer,cifar100,bp,424,51.519999999999996,adamw_cosine_fixed,,verified_reduced_mixer_20260828_120900,,74da9a9bdeb49c732ea55da25563cc7ce03ff586d5cfa885bf5d48b715811085,,,true
mlp_mixer,cifar100,bp,425,50.06,adamw_cosine_fixed,,verified_reduced_mixer_20260828_120900,,74da9a9bdeb49c732ea55da25563cc7ce03ff586d5cfa885bf5d48b715811085,,,true
mlp_mixer,cifar100,bp,426,51.480000000000004,adamw_cosine_fixed,,verified_reduced_mixer_20260828_120900,,74da9a9bdeb49c732ea55da25563cc7ce03ff586d5cfa885bf5d48b715811085,,,true
mlp_mixer,pathmnist,bp,424,86.82451253481894,adamw_cosine_fixed,,verified_reduced_mixer_20260828_120900,,74da9a9bdeb49c732ea55da25563cc7ce03ff586d5cfa885bf5d48b715811085,,,true
mlp_mixer,pathmnist,bp,425,85.94707520891365,adamw_cosine_fixed,,verified_reduced_mixer_20260828_120900,,74da9a9bdeb49c732ea55da25563cc7ce03ff586d5cfa885bf5d48b715811085,,,true
mlp_mixer,pathmnist,bp,426,82.7158774373259,adamw_cosine_fixed,,verified_reduced_mixer_20260828_120900,,74da9a9bdeb49c732ea55da25563cc7ce03ff586d5cfa885bf5d48b715811085,,,true
mlp_mixer,tinyimagenet,bp,424,37.41,adamw_cosine_fixed,,verified_reduced_mixer_20260828_120900,,74da9a9bdeb49c732ea55da25563cc7ce03ff586d5cfa885bf5d48b715811085,,,true
mlp_mixer,tinyimagenet,bp,425,37.13,adamw_cosine_fixed,,verified_reduced_mixer_20260828_120900,,74da9a9bdeb49c732ea55da25563cc7ce03ff586d5cfa885bf5d48b715811085,,,true
mlp_mixer,tinyimagenet,bp,426,36.75,adamw_cosine_fixed,,verified_reduced_mixer_20260828_120900,,74da9a9bdeb49c732ea55da25563cc7ce03ff586d5cfa885bf5d48b715811085,,,true
