architecture,dataset,method_id,method_label,mean_accuracy_percent,sample_std_percent,seeds,status
mlp,mnist,bp,"CE (Global, Terminal)",98.51,0.09,"424;425;426",reported
mlp,fashionmnist,bp,"CE (Global, Terminal)",90.18,0.15,"424;425;426",reported
mlp,cifar10,bp,"CE (Global, Terminal)",53.82,0.35,"424;425;426",reported
mlp,cifar100,bp,"CE (Global, Terminal)",22.27,0.19,"424;425;426",reported
mlp,mnist,local-bp,"CE (Local, Multi-Head)",98.42,0.08,"424;425;426",reported
mlp,fashionmnist,local-bp,"CE (Local, Multi-Head)",89.52,0.30,"424;425;426",reported
mlp,cifar10,local-bp,"CE (Local, Multi-Head)",54.38,0.38,"424;425;426",reported
mlp,cifar100,local-bp,"CE (Local, Multi-Head)",25.79,0.51,"424;425;426",reported
mlp,mnist,ce-matched-ge,"CE (Global, Multi-Head)",98.54,0.06,"424;425;426",reported
mlp,fashionmnist,ce-matched-ge,"CE (Global, Multi-Head)",90.23,0.14,"424;425;426",reported
mlp,cifar10,ce-matched-ge,"CE (Global, Multi-Head)",54.51,0.80,"424;425;426",reported
mlp,cifar100,ce-matched-ge,"CE (Global, Multi-Head)",26.92,0.45,"424;425;426",reported
mlp,mnist,ff,"Vanilla FF (Local, Multi-Head)",95.70,0.14,"424;425;426",reported
mlp,fashionmnist,ff,"Vanilla FF (Local, Multi-Head)",83.17,0.06,"424;425;426",reported
mlp,cifar10,ff,"Vanilla FF (Local, Multi-Head)",44.98,0.12,"424;425;426",reported
mlp,cifar100,ff,"Vanilla FF (Local, Multi-Head)",7.40,0.30,"424;425;426",reported
mlp,mnist,ff-matched-ge,"FF (Global, Multi-Head)",97.26,0.04,"424;425;426",reported
mlp,fashionmnist,ff-matched-ge,"FF (Global, Multi-Head)",87.33,0.23,"424;425;426",reported
mlp,cifar10,ff-matched-ge,"FF (Global, Multi-Head)",52.16,0.31,"424;425;426",reported
mlp,cifar100,ff-matched-ge,"FF (Global, Multi-Head)",17.20,0.34,"424;425;426",reported
mlp,mnist,ff-ge,"FF (Global, Terminal)",97.52,0.28,"424;425;426",reported
mlp,fashionmnist,ff-ge,"FF (Global, Terminal)",86.77,0.29,"424;425;426",reported
mlp,cifar10,ff-ge,"FF (Global, Terminal)",53.30,0.09,"424;425;426",reported
mlp,cifar100,ff-ge,"FF (Global, Terminal)",14.88,0.62,"424;425;426",reported
mlp,mnist,nn-ff-ge,"NN-FF (Global, Terminal)",97.98,0.22,"424;425;426",reported
mlp,fashionmnist,nn-ff-ge,"NN-FF (Global, Terminal)",89.12,0.26,"424;425;426",reported
mlp,cifar10,nn-ff-ge,"NN-FF (Global, Terminal)",52.76,0.47,"424;425;426",reported
mlp,cifar100,nn-ff-ge,"NN-FF (Global, Terminal)",17.36,2.59,"424;425;426",reported
mlp,mnist,fc-ff,"FC-FF (Local, Multi-Head)",94.17,0.13,"424;425;426",reported
mlp,fashionmnist,fc-ff,"FC-FF (Local, Multi-Head)",84.20,0.02,"424;425;426",reported
mlp,cifar10,fc-ff,"FC-FF (Local, Multi-Head)",45.57,0.18,"424;425;426",reported
mlp,cifar100,fc-ff,"FC-FF (Local, Multi-Head)",,,"424;425;426",not_evaluated
mlp,mnist,fc-ff-matched-ge,"FC-FF (Global, Multi-Head)",97.77,0.18,"424;425;426",reported
mlp,fashionmnist,fc-ff-matched-ge,"FC-FF (Global, Multi-Head)",88.54,0.70,"424;425;426",reported
mlp,cifar10,fc-ff-matched-ge,"FC-FF (Global, Multi-Head)",52.20,0.42,"424;425;426",reported
mlp,cifar100,fc-ff-matched-ge,"FC-FF (Global, Multi-Head)",,,"424;425;426",not_evaluated
mlp,mnist,fc-ff-ge,"FC-FF (Global, Terminal)",97.70,0.07,"424;425;426",reported
mlp,fashionmnist,fc-ff-ge,"FC-FF (Global, Terminal)",88.00,0.21,"424;425;426",reported
mlp,cifar10,fc-ff-ge,"FC-FF (Global, Terminal)",52.93,0.71,"424;425;426",reported
mlp,cifar100,fc-ff-ge,"FC-FF (Global, Terminal)",,,"424;425;426",not_evaluated
mlp,mnist,fc-nn-ff-ge,"FC-NN-FF (Global, Terminal)",97.06,0.24,"424;425;426",reported
mlp,fashionmnist,fc-nn-ff-ge,"FC-NN-FF (Global, Terminal)",86.94,0.28,"424;425;426",reported
mlp,cifar10,fc-nn-ff-ge,"FC-NN-FF (Global, Terminal)",46.07,0.49,"424;425;426",reported
mlp,cifar100,fc-nn-ff-ge,"FC-NN-FF (Global, Terminal)",,,"424;425;426",not_evaluated
cnn,mnist,local-bp,"CE (Local, Multi-Head)",99.25,0.02,"424;425;426",reported
cnn,fashionmnist,local-bp,"CE (Local, Multi-Head)",92.14,0.69,"424;425;426",reported
cnn,cifar10,local-bp,"CE (Local, Multi-Head)",80.20,0.35,"424;425;426",reported
cnn,cifar100,local-bp,"CE (Local, Multi-Head)",56.78,0.03,"424;425;426",reported
cnn,mnist,ce-matched-ge,"CE (Global, Multi-Head)",99.23,0.01,"424;425;426",reported
cnn,fashionmnist,ce-matched-ge,"CE (Global, Multi-Head)",93.13,0.13,"424;425;426",reported
cnn,cifar10,ce-matched-ge,"CE (Global, Multi-Head)",83.58,0.49,"424;425;426",reported
cnn,cifar100,ce-matched-ge,"CE (Global, Multi-Head)",59.92,0.34,"424;425;426",reported
cnn,mnist,bp,"CE (Global, Terminal)",99.42,0.08,"424;425;426",reported
cnn,fashionmnist,bp,"CE (Global, Terminal)",92.53,0.80,"424;425;426",reported
cnn,cifar10,bp,"CE (Global, Terminal)",84.51,0.05,"424;425;426",reported
cnn,cifar100,bp,"CE (Global, Terminal)",58.72,0.63,"424;425;426",reported
mlp_mixer,cifar10,local-bp,"CE (Local, Multi-Head)",76.35,0.53,"424;425;426",reported
mlp_mixer,cifar100,local-bp,"CE (Local, Multi-Head)",42.78,0.75,"424;425;426",reported
mlp_mixer,pathmnist,local-bp,"CE (Local, Multi-Head)",86.76,0.74,"424;425;426",reported
mlp_mixer,tinyimagenet,local-bp,"CE (Local, Multi-Head)",27.11,2.11,"424;425;426",reported
mlp_mixer,cifar10,ce-matched-ge,"CE (Global, Multi-Head)",79.61,0.70,"424;425;426",reported
mlp_mixer,cifar100,ce-matched-ge,"CE (Global, Multi-Head)",50.80,0.95,"424;425;426",reported
mlp_mixer,pathmnist,ce-matched-ge,"CE (Global, Multi-Head)",86.51,0.57,"424;425;426",reported
mlp_mixer,tinyimagenet,ce-matched-ge,"CE (Global, Multi-Head)",37.39,0.42,"424;425;426",reported
mlp_mixer,cifar10,bp,"CE (Global, Terminal)",80.21,0.21,"424;425;426",reported
mlp_mixer,cifar100,bp,"CE (Global, Terminal)",51.02,0.83,"424;425;426",reported
mlp_mixer,pathmnist,bp,"CE (Global, Terminal)",85.16,2.16,"424;425;426",reported
mlp_mixer,tinyimagenet,bp,"CE (Global, Terminal)",37.10,0.33,"424;425;426",reported
